{"graph_0": {"_type": "graph-file", "sha256": "a4ef533a6f5bb7ebc804a3e4bcbd8b385592dbae931b9c29d8e9ff9696ca683a", "size": 11703, "path": "media/graph/graph_0_summary_a4ef533a6f5bb7ebc804.graph.json"}, "Env": {"p2_rewards": 1.0, "p1_rewards": 1.0, "all_rewards": 2.0, "step": 10.0}, "Loss": {"vtrace_pg_loss": -0.036623384803533554, "upgo_pg_loss": -0.009883979335427284, "baseline_loss": 0.008093851618468761, "teacher_kl_loss": 0.0, "teacher_baseline_loss": 0.0, "entropy_loss": -0.00022322194126900285, "total_loss": -0.03863673657178879}, "Entropy": {"overall": 28.572406768798828}, "Teacher_KL_Divergence": {"overall": 0.0}, "Misc": {"learning_rate": 2.0313600000000045e-07, "total_games_played": 1292}, "_timestamp": 1711138551.6461625, "_runtime": 1289.3535676002502, "_step": 100096, "_wandb": {"runtime": 1299}}