{"graph_0": {"_type": "graph-file", "sha256": "69d7c21c53e47f1438f77de8fcec494c552294e7be7a60f6b27126c980bd7389", "size": 4076, "path": "media/graph/graph_0_summary_69d7c21c53e47f1438f7.graph.json"}, "Env": {"max_cumulative_rewards": NaN, "mean_cumulative_reward_magnitudes": NaN, "mean_cumulative_rewards": NaN, "step": NaN}, "Loss": {"vtrace_pg_loss": 0.0, "upgo_pg_loss": 0.0, "baseline_loss": 0.250418484210968, "entropy_loss": 0.0, "total_loss": 0.250418484210968}, "Entropy": {"overall": NaN}, "Misc": {"learning_rate": 1.1295999999999995e-05, "total_games_played": 0}, "_timestamp": 1707520152.3525786, "_runtime": 15.144259691238403, "_step": 1024, "_wandb": {"runtime": 15}}