{"graph_0": {"_type": "graph-file", "sha256": "41ffb995ebc747fba8b08948dbec43c1dbef6d701726900283a6578f3f0a7ae6", "size": 3762, "path": "media/graph/graph_0_summary_41ffb995ebc747fba8b0.graph.json"}, "Env": {"max_cumulative_rewards": -0.02380952425301075, "mean_cumulative_reward_magnitudes": 0.21904762089252472, "mean_cumulative_rewards": -0.21904762089252472, "step": 8.0}, "Loss": {"vtrace_pg_loss": 0.0, "upgo_pg_loss": 0.0, "baseline_loss": 0.30670198798179626, "entropy_loss": 0.0, "total_loss": 0.30670198798179626}, "Entropy": {"overall": NaN}, "Misc": {"learning_rate": 1.000000000000001e-06, "total_games_played": 296}, "_timestamp": 1707151069.2647653, "_runtime": 2221.8475313186646, "_step": 10240, "_wandb": {"runtime": 2223}}