{"graph_0": {"_type": "graph-file", "sha256": "94f609a6816a64100c2eec8d4b245965e71098919d292af263eaa390fbaf1b3e", "size": 3762, "path": "media/graph/graph_0_summary_94f609a6816a64100c2e.graph.json"}, "Env": {"max_cumulative_rewards": 1.0, "mean_cumulative_reward_magnitudes": 0.3142857253551483, "mean_cumulative_rewards": 0.2857142984867096, "step": 7.0}, "Loss": {"vtrace_pg_loss": 0.0, "upgo_pg_loss": 0.0, "baseline_loss": 1.30442214012146, "entropy_loss": 0.0, "total_loss": 1.30442214012146}, "Entropy": {"overall": NaN}, "Misc": {"learning_rate": 1.0316800000000016e-06, "total_games_played": 1690}, "_timestamp": 1707156640.8153117, "_runtime": 1128.9257547855377, "_step": 100096, "_wandb": {"runtime": 1135}}