{"graph_0": {"_type": "graph-file", "sha256": "d17b2827c8fd06da1feabc40488ee08cd22ae4c411c5524fa587f75ce87310a8", "size": 11703, "path": "media/graph/graph_0_summary_d17b2827c8fd06da1fea.graph.json"}, "Env": {"p2_rewards": 0.0, "p1_rewards": 1.0, "all_rewards": 1.0, "step": 9.0}, "Loss": {"vtrace_pg_loss": -1.4237322807312012, "upgo_pg_loss": -0.12213223427534103, "baseline_loss": 0.0940295159816742, "teacher_kl_loss": 0.0, "teacher_baseline_loss": 0.0, "entropy_loss": -0.00027686325483955443, "total_loss": -1.4521117210388184}, "Entropy": {"overall": 35.43849563598633}, "Teacher_KL_Divergence": {"overall": 0.0}, "Misc": {"learning_rate": 8.595072e-06, "total_games_played": 120}, "_timestamp": 1711140323.6683974, "_runtime": 161.9336473941803, "_step": 14464}