{"graph_0": {"_type": "graph-file", "sha256": "37e6faf8c089b590ddd34df3a8662562b8e3820228593f5fc607b71a7454e61a", "size": 3762, "path": "media/graph/graph_0_summary_37e6faf8c089b590ddd3.graph.json"}, "Env": {"max_cumulative_rewards": 0.658730149269104, "mean_cumulative_reward_magnitudes": 0.2825396955013275, "mean_cumulative_rewards": 0.11746033281087875, "step": 7.333333492279053}, "Loss": {"vtrace_pg_loss": 0.0, "upgo_pg_loss": 0.0, "baseline_loss": 2.6516404151916504, "entropy_loss": 0.0, "total_loss": 2.6516404151916504}, "Entropy": {"overall": NaN}, "Misc": {"learning_rate": 1.000000000000001e-06, "total_games_played": 169}, "_timestamp": 1707151609.2605348, "_runtime": 129.28181982040405, "_step": 10240, "_wandb": {"runtime": 134}}