{"graph_0": {"_type": "graph-file", "sha256": "cec3b959c77bff403d48f9e0f1c634f4d04fd1ffa92661bc15f35a6b0d182eb6", "size": 11697, "path": "media/graph/graph_0_summary_cec3b959c77bff403d48.graph.json"}, "Env": {"p2_rewards": 0.2976190447807312, "p1_rewards": 0.4285714328289032, "all_rewards": 0.726190447807312, "step": 12.5}, "Loss": {"vtrace_pg_loss": -3.140110969543457, "upgo_pg_loss": -0.17438383400440216, "baseline_loss": 0.46444663405418396, "teacher_kl_loss": 0.0, "teacher_baseline_loss": 0.0, "entropy_loss": -0.00029894246836192906, "total_loss": -2.8503472805023193}, "Entropy": {"overall": 153.05853271484375}, "Teacher_KL_Divergence": {"overall": 0.0}, "Misc": {"learning_rate": 2.000000000000002e-07, "total_games_played": 3200}, "_timestamp": 1710364239.7222953, "_runtime": 3622.2547023296356, "_step": 500736, "_wandb": {"runtime": 3629}}